subreddit,post_id,title,author,created_utc,score,upvote_ratio,num_comments,url,permalink,over_18,stickied
politics,1n7f1z2,"Discussion Thread: US House and Senate Sessions on September 3, 2025",PoliticsModeratorBot,2025-09-03 13:37:52,51,0.91,10,https://www.reddit.com/r/politics/comments/1n7f1z2/discussion_thread_us_house_and_senate_sessions_on/,https://www.reddit.com/r/politics/comments/1n7f1z2/discussion_thread_us_house_and_senate_sessions_on/,False,True
politics,1n7f2ei,Discussion Thread: Reps. Khanna & Massie Hold a News Conference on Epstein Files,PoliticsModeratorBot,2025-09-03 13:38:21,475,0.97,936,https://www.reddit.com/r/politics/comments/1n7f2ei/discussion_thread_reps_khanna_massie_hold_a_news/,https://www.reddit.com/r/politics/comments/1n7f2ei/discussion_thread_reps_khanna_massie_hold_a_news/,False,True
politics,1n7vwef,Nancy Mace Turns Back on Epstein Survivors to Defend Trump,ClimateSociologist,2025-09-04 00:33:55,8595,0.98,582,https://newrepublic.com/post/199971/nancy-mace-jeffrey-epstein-survivors-donald-trump?utm_source=Facebook&utm_campaign=SF_TNR&utm_medium=social&fbclid=IwdGRleAMluTJjbGNrAyW1KmV4dG4DYWVtAjExAAEe8lZFlVZxy48J1CNnfulNCiFG90_5_oq6oR2ulDOKZPCQuSecZeKmqCqcvW8_aem_dSRYNsJ6wuhJ49SBIVRf_A,https://www.reddit.com/r/politics/comments/1n7vwef/nancy_mace_turns_back_on_epstein_survivors_to/,False,False
politics,1n7osgn,"Call Me Crazy, but I for One Still Want to Know if the President Committed Depraved Sex Crimes",OkayButFoRealz,2025-09-03 19:42:31,34194,0.97,731,https://slate.com/news-and-politics/2025/09/trump-epstein-files-discharge-petition-democrats-republicans.html,https://www.reddit.com/r/politics/comments/1n7osgn/call_me_crazy_but_i_for_one_still_want_to_know_if/,False,False
politics,1n7u4w0,Donald Trump Is Going Down‚Äîand He Knows It,plz-let-me-in,2025-09-03 23:14:55,6157,0.92,841,https://www.thedailybeast.com/donald-trump-is-going-downand-he-knows-it/,https://www.reddit.com/r/politics/comments/1n7u4w0/donald_trump_is_going_downand_he_knows_it/,False,False
politics,1n7rjgc,"Trump, Who Campaigned on Releasing Epstein Files, Gets Roasted for Calling Them a ‚ÄòDemocrat Hoax‚Äô",OkayButFoRealz,2025-09-03 21:27:46,6586,0.99,126,https://www.huffpost.com/entry/trump-mocked-for-calling-epstein-files-scandal-democrat-hoax_n_68b895bde4b0e9fcc5f3ef39,https://www.reddit.com/r/politics/comments/1n7rjgc/trump_who_campaigned_on_releasing_epstein_files/,False,False
politics,1n7inhd,Jeffrey Epstein Victims Reveal They‚Äôre Compiling Own Client List,madding_crowd_,2025-09-03 15:56:16,31627,0.98,590,https://www.thedailybeast.com/jeffrey-epstein-victims-reveal-theyre-compiling-own-client-list/,https://www.reddit.com/r/politics/comments/1n7inhd/jeffrey_epstein_victims_reveal_theyre_compiling/,False,False
politics,1n7knhc,"MTG warns Epstein clients she‚Äôll ‚Äòsay every damn name‚Äô on House floor as she tells sex abuse victims, ‚ÄòGive me a list‚Äô",Aggravating_Money992,2025-09-03 17:08:51,11209,0.99,466,https://www.the-independent.com/news/world/americas/us-politics/marjorie-taylor-greene-epstein-files-clients-name-b2819459.html,https://www.reddit.com/r/politics/comments/1n7knhc/mtg_warns_epstein_clients_shell_say_every_damn/,False,False
politics,1n7klqn,"If Trump loses his tariff lawsuit, America may have to refund businesses more than $200 billion",Affectionate-Bid-185,2025-09-03 17:07:02,10951,0.99,776,https://www.cnn.com/2025/09/03/economy/trump-tariff-refund,https://www.reddit.com/r/politics/comments/1n7klqn/if_trump_loses_his_tariff_lawsuit_america_may/,False,False
politics,1n7ktyv,Trump Drowns Out Emotional Epstein Victims Rally With Noisy Flyover,Capable_Salt_SD,2025-09-03 17:15:32,8574,0.98,506,https://www.thedailybeast.com/trump-drowns-out-emotional-epstein-victims-rally-with-noisy-flyover/,https://www.reddit.com/r/politics/comments/1n7ktyv/trump_drowns_out_emotional_epstein_victims_rally/,False,False
politics,1n7n4up,"Release Epstein client list or we will, survivors tell government",TimesandSundayTimes,2025-09-03 18:40:34,5749,0.99,214,https://www.thetimes.com/us/news-today/article/survivors-jeffrey-epstein-press-conference-files-rtbd7vgmd,https://www.reddit.com/r/politics/comments/1n7n4up/release_epstein_client_list_or_we_will_survivors/,False,False
politics,1n7fuwn,Nancy Mace 'had full-blown panic attack' after meeting Epstein survivors,Kodbek,2025-09-03 14:10:03,14321,0.95,898,https://www.newsweek.com/nancy-mace-panic-attack-jeffrey-epstein-2123575,https://www.reddit.com/r/politics/comments/1n7fuwn/nancy_mace_had_fullblown_panic_attack_after/,False,False
politics,1n7q2oa,Judge voids $2.2 billion Harvard funding freeze by Trump administration,Puginator,2025-09-03 20:31:07,3037,0.99,49,https://www.cnbc.com/2025/09/03/trump-harvard-funding-freeze-court.html,https://www.reddit.com/r/politics/comments/1n7q2oa/judge_voids_22_billion_harvard_funding_freeze_by/,False,False
politics,1n7gdv8,Three Republicans Defy Trump and Back Bill to Release Epstein Files,SportsGod3,2025-09-03 14:30:49,9681,0.99,215,https://newrepublic.com/post/199917/republicans-defy-trump-back-bill-release-epstein-files?utm_medium=social&utm_source=Twitter&utm_term=Autofeed&utm_campaign=SF_TNR,https://www.reddit.com/r/politics/comments/1n7gdv8/three_republicans_defy_trump_and_back_bill_to/,False,False
politics,1n7e7in,"More than 1,000 HHS staff call on RFK Jr. to resign",Silly-avocatoe,2025-09-03 13:02:29,13452,0.99,189,https://thehill.com/policy/healthcare/5483021-hhs-employees-call-for-rfk-resignation/,https://www.reddit.com/r/politics/comments/1n7e7in/more_than_1000_hhs_staff_call_on_rfk_jr_to_resign/,False,False
politics,1n7daen,Frantic Trump Tries to Kill Vote to Force Open Epstein Files,madding_crowd_,2025-09-03 12:21:10,17283,0.98,567,https://www.thedailybeast.com/frantic-trump-tries-to-kill-vote-to-force-open-epstein-files/,https://www.reddit.com/r/politics/comments/1n7daen/frantic_trump_tries_to_kill_vote_to_force_open/,False,False
politics,1n7cm0w,HHS employees demand RFK Jr. resign for ‚Äòcompromising the health of this nation‚Äô,HellYeahDamnWrite,2025-09-03 11:48:22,21484,0.97,369,https://www.cnn.com/2025/09/03/health/hhs-employees-letter-rfk-jr,https://www.reddit.com/r/politics/comments/1n7cm0w/hhs_employees_demand_rfk_jr_resign_for/,False,False
politics,1n7g1y2,‚ÄòSandwich man‚Äô gets off: DC jury nullification in the age of Trump,Buddha-Embryo,2025-09-03 14:17:41,7678,0.99,231,https://thehill.com/opinion/criminal-justice/5482449-the-sandwich-man-gets-off-jury-nullification-in-the-age-of-trump/,https://www.reddit.com/r/politics/comments/1n7g1y2/sandwich_man_gets_off_dc_jury_nullification_in/,False,False
politics,1n7e201,It‚Äôs time for Chuck Schumer and Hakeem Jeffries to step down,AlexandrTheTolerable,2025-09-03 12:56:04,8582,0.96,733,https://www.theguardian.com/commentisfree/2025/sep/03/democrats-chuck-schumer-hakeem-jeffries?CMP=Share_iOSApp_Other,https://www.reddit.com/r/politics/comments/1n7e201/its_time_for_chuck_schumer_and_hakeem_jeffries_to/,False,False
politics,1n7q7wt,"MTG warns Epstein clients she‚Äôll ‚Äòsay every damn name‚Äô on House floor as she tells sex abuse victims, ‚ÄòGive me a list‚Äô",Face2FaceRecs,2025-09-03 20:36:24,1799,0.97,181,https://www.independent.co.uk/news/world/americas/us-politics/marjorie-taylor-greene-epstein-files-clients-name-b2819459.html,https://www.reddit.com/r/politics/comments/1n7q7wt/mtg_warns_epstein_clients_shell_say_every_damn/,False,False
worldpolitics,164j3o1,"Congrats, politics are officially banned now on this sub",xeno132,2023-08-29 13:52:03,1145,0.99,84,https://www.reddit.com/r/worldpolitics/comments/164j3o1/congrats_politics_are_officially_banned_now_on/,https://www.reddit.com/r/worldpolitics/comments/164j3o1/congrats_politics_are_officially_banned_now_on/,True,True
worldpolitics,1n7wqew,Local wildlife finding religion,george8762,2025-09-04 01:12:51,90,0.95,2,https://www.reddit.com/gallery/1n7wqew,https://www.reddit.com/r/worldpolitics/comments/1n7wqew/local_wildlife_finding_religion/,True,False
worldpolitics,1n7grd3,Hat,Trumpet_of_Jericho,2025-09-03 14:45:29,158,0.96,1,https://i.redd.it/1pe315vlpymf1.jpeg,https://www.reddit.com/r/worldpolitics/comments/1n7grd3/hat/,True,False
worldpolitics,1n7s0lp,Raiding the Tomb,Rousherte,2025-09-03 21:46:48,26,0.74,2,https://i.redd.it/h805lgsqs0nf1.png,https://www.reddit.com/r/worldpolitics/comments/1n7s0lp/raiding_the_tomb/,True,False
worldpolitics,1n7cej0,What do you think your purpose is?,Lil_Peachy_Fox,2025-09-03 11:37:54,57,0.85,28,https://i.redd.it/gqiwxfn5sxmf1.jpeg,https://www.reddit.com/r/worldpolitics/comments/1n7cej0/what_do_you_think_your_purpose_is/,True,False
worldpolitics,1n7htrv,Bikini by Jimmy,Jimmys_Paintings,2025-09-03 15:25:40,22,0.82,2,https://i.redd.it/kv7poz8swymf1.png,https://www.reddit.com/r/worldpolitics/comments/1n7htrv/bikini_by_jimmy/,True,False
worldpolitics,1n7h1xi,"I'm not gay, but Kars is super hot, ngl",Trumpet_of_Jericho,2025-09-03 14:56:50,16,0.83,7,https://i.redd.it/agfywm6mrymf1.png,https://www.reddit.com/r/worldpolitics/comments/1n7h1xi/im_not_gay_but_kars_is_super_hot_ngl/,True,False
worldpolitics,1n73xsy,Day 1098 of Posting Tifa Lockhart Art,machan12,2025-09-03 03:13:18,54,0.97,2,https://b.l3n.co/i/NLzeQ2.jpg,https://www.reddit.com/r/worldpolitics/comments/1n73xsy/day_1098_of_posting_tifa_lockhart_art/,True,False
worldpolitics,1n7cvw8,Bai Wuchang - Tits Out üòç (click so full image shows) - Wuchang: Fallen Feathers,LitLadyGamer,2025-09-03 12:02:01,11,0.72,1,https://www.reddit.com/gallery/1n7csbd,https://www.reddit.com/r/worldpolitics/comments/1n7cvw8/bai_wuchang_tits_out_click_so_full_image_shows/,True,False
worldpolitics,1n6ljip,Scarlett Bitch,Trumpet_of_Jericho,2025-09-02 14:48:49,356,0.86,15,https://i.redd.it/hxzcvxc9lrmf1.jpeg,https://www.reddit.com/r/worldpolitics/comments/1n6ljip/scarlett_bitch/,True,False
worldpolitics,1n6ykjb,Soccer Time,Rousherte,2025-09-02 23:06:13,76,0.85,1,https://i.redd.it/ynijij312umf1.png,https://www.reddit.com/r/worldpolitics/comments/1n6ykjb/soccer_time/,True,False
worldpolitics,1n707da,Dinner's ready to serve,89417dre,2025-09-03 00:17:47,24,0.83,0,https://i.redd.it/1cin3y4peumf1.jpeg,https://www.reddit.com/r/worldpolitics/comments/1n707da/dinners_ready_to_serve/,True,False
worldpolitics,1n6p0fg,Tea is ready Xeno,t-o-m-u-s-a,2025-09-02 16:58:31,45,0.85,2,https://i.redd.it/3pom0u3g8smf1.jpeg,https://www.reddit.com/r/worldpolitics/comments/1n6p0fg/tea_is_ready_xeno/,True,False
worldpolitics,1n6y3j2,Smoked chicken broth Ramen with sausage and smoked chicken,t-o-m-u-s-a,2025-09-02 22:46:18,13,0.88,0,https://i.redd.it/o9jfvhshytmf1.jpeg,https://www.reddit.com/r/worldpolitics/comments/1n6y3j2/smoked_chicken_broth_ramen_with_sausage_and/,True,False
worldpolitics,1n6gxh5,"Hey everybody, I‚Äôm Jimmy Carter!",t-o-m-u-s-a,2025-09-02 11:28:26,52,0.79,2,https://www.reddit.com/gallery/1n6gxh5,https://www.reddit.com/r/worldpolitics/comments/1n6gxh5/hey_everybody_im_jimmy_carter/,True,False
worldpolitics,1n6oz5p,Look at my popkern!,International_Ad_876,2025-09-02 16:57:10,16,0.88,1,https://i.redd.it/eznrc2668smf1.jpeg,https://www.reddit.com/r/worldpolitics/comments/1n6oz5p/look_at_my_popkern/,True,False
worldpolitics,1n6gu9c,Relaxing Evening by Jimmy,Jimmys_Paintings,2025-09-02 11:23:38,36,0.88,2,https://i.redd.it/zlvztiyokqmf1.png,https://www.reddit.com/r/worldpolitics/comments/1n6gu9c/relaxing_evening_by_jimmy/,True,False
worldpolitics,1n6n0aa,"Home Burgers, cheese and slaw, chips on the side",89417dre,2025-09-02 15:44:07,15,0.82,2,https://i.redd.it/1ah5yg06vrmf1.jpeg,https://www.reddit.com/r/worldpolitics/comments/1n6n0aa/home_burgers_cheese_and_slaw_chips_on_the_side/,True,False
worldpolitics,1n5zefn,Smoked chicken for my bitches,t-o-m-u-s-a,2025-09-01 20:13:28,490,0.96,37,https://www.reddit.com/gallery/1n5zefn,https://www.reddit.com/r/worldpolitics/comments/1n5zefn/smoked_chicken_for_my_bitches/,True,False
worldpolitics,1n6qjdf,A&R Zlatoust Seliger Birch,Horst93Walter,2025-09-02 17:55:29,6,0.75,0,https://i.redd.it/f5xlexplismf1.jpeg,https://www.reddit.com/r/worldpolitics/comments/1n6qjdf/ar_zlatoust_seliger_birch/,True,False
PoliticalDiscussion,1bwbuka,Casual Questions Thread,The_Egalitarian,2024-04-05 07:15:20,89,0.99,8313,https://www.reddit.com/r/PoliticalDiscussion/comments/1bwbuka/casual_questions_thread/,https://www.reddit.com/r/PoliticalDiscussion/comments/1bwbuka/casual_questions_thread/,False,True
PoliticalDiscussion,1msce9l,"[Moderator Announcement] New Mod Applications, Rule Clarifications, and Community Feedback",The_Egalitarian,2025-08-17 00:12:54,2,0.58,12,https://www.reddit.com/r/PoliticalDiscussion/comments/1msce9l/moderator_announcement_new_mod_applications_rule/,https://www.reddit.com/r/PoliticalDiscussion/comments/1msce9l/moderator_announcement_new_mod_applications_rule/,False,True
PoliticalDiscussion,1n6zzvi,"Are Democratic Leaders Of Independent Redistricting States Failing To ""Meet This Moment""?",najumobi,2025-09-03 00:08:16,331,0.92,236,https://www.reddit.com/r/PoliticalDiscussion/comments/1n6zzvi/are_democratic_leaders_of_independent/,https://www.reddit.com/r/PoliticalDiscussion/comments/1n6zzvi/are_democratic_leaders_of_independent/,False,False
PoliticalDiscussion,1n415bq,"Why has it been so difficult for Democrats to get ""over the hump"" in North Carolina?",foxwilliam,2025-08-30 13:04:57,207,0.96,136,https://www.reddit.com/r/PoliticalDiscussion/comments/1n415bq/why_has_it_been_so_difficult_for_democrats_to_get/,https://www.reddit.com/r/PoliticalDiscussion/comments/1n415bq/why_has_it_been_so_difficult_for_democrats_to_get/,False,False
PoliticalDiscussion,1n3h9ca,What do you think about Gavin Newsom's new social media campaign mocking Trump's posting style?,AmigoDelDiabla,2025-08-29 19:45:54,989,0.97,590,https://www.reddit.com/r/PoliticalDiscussion/comments/1n3h9ca/what_do_you_think_about_gavin_newsoms_new_social/,https://www.reddit.com/r/PoliticalDiscussion/comments/1n3h9ca/what_do_you_think_about_gavin_newsoms_new_social/,False,False
PoliticalDiscussion,1n3f9s1,Does the US constitution need to be amended to ensure no future president can get this far or further into a dictatorship again or is the problem potus and congress are breaking existing laws?,Terrible_Patience935,2025-08-29 18:28:34,570,0.94,327,https://www.reddit.com/r/PoliticalDiscussion/comments/1n3f9s1/does_the_us_constitution_need_to_be_amended_to/,https://www.reddit.com/r/PoliticalDiscussion/comments/1n3f9s1/does_the_us_constitution_need_to_be_amended_to/,False,False
PoliticalDiscussion,1n2ycte,Is it possible for US to collapse like into parts like 1991 USSR?,808DaScott,2025-08-29 04:51:58,184,0.87,292,https://www.reddit.com/r/PoliticalDiscussion/comments/1n2ycte/is_it_possible_for_us_to_collapse_like_into_parts/,https://www.reddit.com/r/PoliticalDiscussion/comments/1n2ycte/is_it_possible_for_us_to_collapse_like_into_parts/,False,False
PoliticalDiscussion,1n2l8ia,"If JD Vance is the Republican nominee in 2028 and loses the election, will he certify his own loss?",MapleLeafsHockey_75,2025-08-28 19:08:25,615,0.94,250,https://www.reddit.com/r/PoliticalDiscussion/comments/1n2l8ia/if_jd_vance_is_the_republican_nominee_in_2028_and/,https://www.reddit.com/r/PoliticalDiscussion/comments/1n2l8ia/if_jd_vance_is_the_republican_nominee_in_2028_and/,False,False
PoliticalDiscussion,1n1u079,Is there any scenario where the U.S. military would intervene in politics if there is a real threat to the Constitution?,CloudDancingJack,2025-08-27 21:39:14,258,0.94,312,https://www.reddit.com/r/PoliticalDiscussion/comments/1n1u079/is_there_any_scenario_where_the_us_military_would/,https://www.reddit.com/r/PoliticalDiscussion/comments/1n1u079/is_there_any_scenario_where_the_us_military_would/,False,False
PoliticalDiscussion,1n37xll,Why should a sitting President be held to the same legal standard as a civilian when it comes to lying or spreading misinformation?,SweatyConstruction91,2025-08-29 13:48:08,0,0.37,40,https://www.reddit.com/r/PoliticalDiscussion/comments/1n37xll/why_should_a_sitting_president_be_held_to_the/,https://www.reddit.com/r/PoliticalDiscussion/comments/1n37xll/why_should_a_sitting_president_be_held_to_the/,False,False
PoliticalDiscussion,1n1apvl,"Trump said today: ‚ÄúI have the right to do anything I want to do. I‚Äôm the president of the United States‚Äù. People from the US, what are your thoughts on this?",joshsin6193,2025-08-27 07:40:59,419,0.92,347,https://www.reddit.com/r/PoliticalDiscussion/comments/1n1apvl/trump_said_today_i_have_the_right_to_do_anything/,https://www.reddit.com/r/PoliticalDiscussion/comments/1n1apvl/trump_said_today_i_have_the_right_to_do_anything/,False,False
PoliticalDiscussion,1n16f29,"In 1795, Chief Justice Jay resigned to serve as Governor of New York. In 1832, Vice President Calhoun resigned to serve in the Senate. Could such a thing happen today? Is there any scenario where a prominent politician could resign to serve a ""lesser"" role, or has politics become too nationalized?",WavesAndSaves,2025-08-27 03:25:46,54,0.92,26,https://www.reddit.com/r/PoliticalDiscussion/comments/1n16f29/in_1795_chief_justice_jay_resigned_to_serve_as/,https://www.reddit.com/r/PoliticalDiscussion/comments/1n16f29/in_1795_chief_justice_jay_resigned_to_serve_as/,False,False
PoliticalDiscussion,1n1l2p6,Will the shooting at the Annunciation Catholic School in Minneapolis embolden Democrats to make gun control an issue in the 2026 midterms?,vahedemirjian,2025-08-27 16:02:36,1,0.53,68,https://www.reddit.com/r/PoliticalDiscussion/comments/1n1l2p6/will_the_shooting_at_the_annunciation_catholic/,https://www.reddit.com/r/PoliticalDiscussion/comments/1n1l2p6/will_the_shooting_at_the_annunciation_catholic/,False,False
PoliticalDiscussion,1n09ltj,"If allegations of mortgage fraud are cause for removal of Fed Governor Lisa Cook, would 34 felony counts of fraud be cause for removal of Trump?",the_buddhaverse,2025-08-26 02:03:26,406,0.96,61,https://www.reddit.com/r/PoliticalDiscussion/comments/1n09ltj/if_allegations_of_mortgage_fraud_are_cause_for/,https://www.reddit.com/r/PoliticalDiscussion/comments/1n09ltj/if_allegations_of_mortgage_fraud_are_cause_for/,False,False
PoliticalDiscussion,1mzv1a2,"Trump has said the DOJ will be filing a lawsuit against California's redistricting effort. With a Republican majority on the Supreme Court, can this lawsuit actually prevent California from doing what Texas is doing, giving the Republicans a House advantage?",Orangekale,2025-08-25 16:20:51,1304,0.98,267,https://www.reddit.com/r/PoliticalDiscussion/comments/1mzv1a2/trump_has_said_the_doj_will_be_filing_a_lawsuit/,https://www.reddit.com/r/PoliticalDiscussion/comments/1mzv1a2/trump_has_said_the_doj_will_be_filing_a_lawsuit/,False,False
PoliticalDiscussion,1n0wgiu,Should potential 2028 Democratic hopeful make campaign promises to recognize a Palestinian state?,vahedemirjian,2025-08-26 20:10:51,0,0.46,265,https://www.reddit.com/r/PoliticalDiscussion/comments/1n0wgiu/should_potential_2028_democratic_hopeful_make/,https://www.reddit.com/r/PoliticalDiscussion/comments/1n0wgiu/should_potential_2028_democratic_hopeful_make/,False,False
PoliticalDiscussion,1mzn0u5,Is the rise of authoritarianism a systemic response to crises within liberal capitalism?,Elegant-Astronaut636,2025-08-25 10:40:42,57,0.74,120,https://www.reddit.com/r/PoliticalDiscussion/comments/1mzn0u5/is_the_rise_of_authoritarianism_a_systemic/,https://www.reddit.com/r/PoliticalDiscussion/comments/1mzn0u5/is_the_rise_of_authoritarianism_a_systemic/,False,False
PoliticalDiscussion,1mz6m1w,What is the tone for the DNC and the RNC primary's going to be like?,Front-Tomorrow-1034,2025-08-24 20:31:32,97,0.83,167,https://www.reddit.com/r/PoliticalDiscussion/comments/1mz6m1w/what_is_the_tone_for_the_dnc_and_the_rnc_primarys/,https://www.reddit.com/r/PoliticalDiscussion/comments/1mz6m1w/what_is_the_tone_for_the_dnc_and_the_rnc_primarys/,False,False
PoliticalDiscussion,1mzt9qg,How can U.S. voters influence the situation in Gaza?,Mission-Oven3811,2025-08-25 15:16:15,0,0.49,116,https://www.reddit.com/r/PoliticalDiscussion/comments/1mzt9qg/how_can_us_voters_influence_the_situation_in_gaza/,https://www.reddit.com/r/PoliticalDiscussion/comments/1mzt9qg/how_can_us_voters_influence_the_situation_in_gaza/,False,False
PoliticalDiscussion,1myv6j9,Can the Brownfield Problem Be Solved? What Are the Main Obstacles?,ZanzerFineSuits,2025-08-24 13:10:21,29,0.83,62,https://www.reddit.com/r/PoliticalDiscussion/comments/1myv6j9/can_the_brownfield_problem_be_solved_what_are_the/,https://www.reddit.com/r/PoliticalDiscussion/comments/1myv6j9/can_the_brownfield_problem_be_solved_what_are_the/,False,False
Conservative,1my8n8k,YSK: Reddit is planning to limit the amount of subreddits a mod can mod. Effectively ending power mods.,Jibrish,2025-08-23 18:11:05,4487,0.96,705,https://old.reddit.com/r/modnews/comments/1mwnoq2/addressing_questions_on_moderation_limits/,https://www.reddit.com/r/Conservative/comments/1my8n8k/ysk_reddit_is_planning_to_limit_the_amount_of/,False,True
Conservative,1n6h6tw,Hate Mail of the Month - September 2025,PotatoUmaru,2025-09-02 11:42:04,109,0.81,35,https://imgur.com/a/FGHamtu,https://www.reddit.com/r/Conservative/comments/1n6h6tw/hate_mail_of_the_month_september_2025/,False,True
Conservative,1n7gst4,Epstein victims set to break silence amid bipartisan push to release files: 'People are going to be outraged',According-Activity87,2025-09-03 14:47:04,3649,0.97,436,https://www.foxnews.com/politics/epstein-victims-set-break-silence-amid-bipartisan-push-release-files-people-outraged,https://www.reddit.com/r/Conservative/comments/1n7gst4/epstein_victims_set_to_break_silence_amid/,False,False
Conservative,1n7kj5a,Epstein victims vow to compile ‚Äòclient list‚Äô of their own after House panel drops thousands of documents,According-Activity87,2025-09-03 17:04:24,1345,0.97,55,https://nypost.com/2025/09/03/us-news/epstein-victims-vow-to-compile-client-list-of-their-own-after-house-panel-drops-thousands-of-documents/,https://www.reddit.com/r/Conservative/comments/1n7kj5a/epstein_victims_vow_to_compile_client_list_of/,False,False
Conservative,1n7oeqe,Epstein victim‚Äôs attorney just claimed that President Trump came to the aid and helped Epstein victims in 2009.,hety0p,2025-09-03 19:28:09,832,0.77,162,https://x.com/RyanAFournier/status/1963302876605804649?t=RCJOPYl4dKCnSqP7DxKrQw&s=19,https://www.reddit.com/r/Conservative/comments/1n7oeqe/epstein_victims_attorney_just_claimed_that/,False,False
Conservative,1n7s2jr,Foreign Citizens Shouldn't Be Allowed To Serve In US Government,According-Activity87,2025-09-03 21:48:53,380,0.93,26,https://thefederalist.com/2025/09/03/foreign-citizens-should-never-be-allowed-to-serve-in-american-government/,https://www.reddit.com/r/Conservative/comments/1n7s2jr/foreign_citizens_shouldnt_be_allowed_to_serve_in/,False,False
Conservative,1n7kiva,"Florida will work to eliminate all childhood vaccine mandates in the state, officials say",DLCjohnson,2025-09-03 17:04:09,674,0.76,480,https://www.wbal.com/florida-will-work-to-eliminate-all-childhood-vaccine-mandates-in-the-state-officials-say,https://www.reddit.com/r/Conservative/comments/1n7kiva/florida_will_work_to_eliminate_all_childhood/,False,False
Conservative,1n7sf3k,"President Trump: ""The Democrats have lost their mind. They are so deranged. They've become almost sick. They actually think there is a disease... It's called Trump Derangement Syndrome. They've got it. These are sick people.""",hety0p,2025-09-03 22:02:49,257,0.73,72,https://x.com/theblaze/status/1963274319489880418?t=BVugALan4ikkFp_wIuFFQw&s=19,https://www.reddit.com/r/Conservative/comments/1n7sf3k/president_trump_the_democrats_have_lost_their/,False,False
Conservative,1n7rt5o,Judge rules Trump unlawfully terminated more than $2B in Harvard research grants,According-Activity87,2025-09-03 21:38:35,246,0.87,22,https://nypost.com/2025/09/03/us-news/judge-rules-trump-unlawfully-terminated-harvard-research-grants/,https://www.reddit.com/r/Conservative/comments/1n7rt5o/judge_rules_trump_unlawfully_terminated_more_than/,False,False
Conservative,1n7qysa,"President Trump says with Tariffs, we have a really good chance to completely END Federal INCOME TAX",hety0p,2025-09-03 21:04:51,245,0.66,195,https://x.com/MJTruthUltra/status/1963279358237315450?t=_JxPPIbGrKMcd7qNmj52_Q&s=19,https://www.reddit.com/r/Conservative/comments/1n7qysa/president_trump_says_with_tariffs_we_have_a/,False,False
Conservative,1n7md8u,CNN is giving the chinese military parade more positive press than they gave to President Trump's parade.,hety0p,2025-09-03 18:11:58,369,0.81,45,https://x.com/GuntherEagleman/status/1963056560717881806?t=wgB0BgywauGEsbpA6qiq5w&s=19,https://www.reddit.com/r/Conservative/comments/1n7md8u/cnn_is_giving_the_chinese_military_parade_more/,False,False
Conservative,1n7oe8g,"Jasmine Crockett: ""Trump is weaponizing the idea of free speech to force companies to promote his propaganda! This ain't free speech. We don't swear to an Orange King! We have sworn an oath to the Constitution!""",hety0p,2025-09-03 19:27:39,273,0.81,52,https://x.com/theblaze/status/1963322139081118061?t=KYnysHv5bJvVW9erMtMxQg&s=19,https://www.reddit.com/r/Conservative/comments/1n7oe8g/jasmine_crockett_trump_is_weaponizing_the_idea_of/,False,False
Conservative,1n7sz6m,Senator Tim Kaine Tells Americans Their Rights Come From Government,Down-not-out,2025-09-03 22:25:57,137,0.86,46,https://townhall.com/tipsheet/dmitri-bolt/2025/09/03/senator-tim-kaine-tells-americans-their-rights-come-from-government-n2662725,https://www.reddit.com/r/Conservative/comments/1n7sz6m/senator_tim_kaine_tells_americans_their_rights/,False,False
Conservative,1n7lzjq,Stubborn Trump Refuses To Admit He's Dead,Ask4MD,2025-09-03 17:58:10,293,0.92,13,https://babylonbee.com/news/stubborn-trump-refuses-to-admit-hes-dead,https://www.reddit.com/r/Conservative/comments/1n7lzjq/stubborn_trump_refuses_to_admit_hes_dead/,False,False
Conservative,1n7od42,"RUBIO: ""What will stop them is when you blow them up and get rid of them. The President of the United States is going to wage war on narcoterrorist organizations.""",hety0p,2025-09-03 19:26:26,214,0.9,33,https://x.com/theblaze/status/1963318103745446139?t=PIHedTDu8DDgoqWFoiaK5Q&s=19,https://www.reddit.com/r/Conservative/comments/1n7od42/rubio_what_will_stop_them_is_when_you_blow_them/,False,False
Conservative,1n7v4r5,Adam Schiff paying just 3% mortgage on homes at center of mortgage fraud probe,Head_Estate_3944,2025-09-03 23:58:58,89,0.83,7,https://nypost.com/2025/08/16/us-news/adam-schiff-paying-just-3-mortgage-on-homes-at-center-of-mortgage-fraud-probe/,https://www.reddit.com/r/Conservative/comments/1n7v4r5/adam_schiff_paying_just_3_mortgage_on_homes_at/,False,False
Conservative,1n7e7nq,Nancy Mace spotted walking out of Epstein meeting in tears,Down-not-out,2025-09-03 13:02:39,617,0.89,57,https://nypost.com/2025/09/03/us-news/nancy-mace-spotted-walking-out-of-epstein-meeting-in-tears/,https://www.reddit.com/r/Conservative/comments/1n7e7nq/nancy_mace_spotted_walking_out_of_epstein_meeting/,False,False
Conservative,1n7rz06,Florida Working to ‚ÄòEnd All Vaccine Mandates‚Äô Statewide: ‚ÄòYour Body Is a Gift from God‚Äô,According-Activity87,2025-09-03 21:45:03,120,0.8,42,https://www.breitbart.com/politics/2025/09/03/florida-working-to-end-all-vaccine-mandates-statewide-your-body-is-a-gift-from-god/,https://www.reddit.com/r/Conservative/comments/1n7rz06/florida_working_to_end_all_vaccine_mandates/,False,False
Conservative,1n7mirj,Illinois Lt. Governor Juliana Stratton is directing illegal aliens in her state to go to a website that provides them resources to evade immigration enforcement and get a lawyer.,hety0p,2025-09-03 18:17:41,215,0.85,36,https://x.com/greg_price11/status/1962982932852904065?t=iQYHAGnnshMSzHwRuxEv2Q&s=19,https://www.reddit.com/r/Conservative/comments/1n7mirj/illinois_lt_governor_juliana_stratton_is/,False,False
Conservative,1n7h44k,Rubio blocks Palestinian leaders from UN General Assembly for first time ever,WillyNilly1997,2025-09-03 14:59:13,332,0.91,19,https://www.foxnews.com/politics/rubio-denies-visas-palestinian-leaders-un-general-assembly-citing-terror-support,https://www.reddit.com/r/Conservative/comments/1n7h44k/rubio_blocks_palestinian_leaders_from_un_general/,False,False
Liberal,1n5m7p7,Trump is decimating federal employee unions one step at a time,Walk1000Miles,2025-09-01 11:30:11,130,0.96,6,https://www.npr.org/2025/09/01/nx-s1-5515633/trump-federal-workers-labor-unions-va,https://www.reddit.com/r/Liberal/comments/1n5m7p7/trump_is_decimating_federal_employee_unions_one/,False,False
Liberal,1n59dka,Whither Trump?,Aimhere2k,2025-08-31 23:30:31,194,0.92,90,https://www.reddit.com/r/Liberal/comments/1n59dka/whither_trump/,https://www.reddit.com/r/Liberal/comments/1n59dka/whither_trump/,False,False
Liberal,1n59mwv,"Rudy Giuliani hospitalized with broken vertebra after car accident, spokesperson says",icey_sawg0034,2025-08-31 23:42:50,151,0.95,38,https://www.npr.org/2025/08/31/nx-s1-5524285/rudy-giuliani-hospitalized-car-accident-broken-vertebra,https://www.reddit.com/r/Liberal/comments/1n59mwv/rudy_giuliani_hospitalized_with_broken_vertebra/,False,False
Liberal,1n3hej9,What if the most powerful tool against gerrymandering is --- a voter registration form,gripping_intrigue,2025-08-29 19:51:34,72,0.96,17,https://www.reddit.com/r/Liberal/comments/1n3hej9/what_if_the_most_powerful_tool_against/,https://www.reddit.com/r/Liberal/comments/1n3hej9/what_if_the_most_powerful_tool_against/,False,False
Liberal,1n336dy,Trump clears out anyone who would oppose him,ethakidd,2025-08-29 09:55:27,268,0.98,32,https://www.msnbc.com/rachel-maddow-show/maddowblog/trump-purges-national-security-officials-destabilizing-team-rcna199673,https://www.reddit.com/r/Liberal/comments/1n336dy/trump_clears_out_anyone_who_would_oppose_him/,False,False
Liberal,1n2dizz,Ron DeSantis wasted $250 million on Alligator Alcatraz as it faces closure,progress18,2025-08-28 14:20:04,284,0.99,13,https://www.newsweek.com/ron-desantis-wasted-250-million-alligator-alcatraz-it-faces-closure-2120638,https://www.reddit.com/r/Liberal/comments/1n2dizz/ron_desantis_wasted_250_million_on_alligator/,False,False
Liberal,1n1h04u,Whistleblower says Trump officials copied millions of Social Security numbers,progress18,2025-08-27 13:26:13,153,0.99,19,https://www.npr.org/2025/08/26/nx-s1-5517977/social-security-doge-privacy,https://www.reddit.com/r/Liberal/comments/1n1h04u/whistleblower_says_trump_officials_copied/,False,False
Liberal,1n06usx,"Do you think DeSantis would remove a crosswalk that depicted the US flag, or celebrated MAGA/Trump?",PurpleCatBlues,2025-08-25 23:58:17,67,0.94,41,https://www.reddit.com/r/Liberal/comments/1n06usx/do_you_think_desantis_would_remove_a_crosswalk/,https://www.reddit.com/r/Liberal/comments/1n06usx/do_you_think_desantis_would_remove_a_crosswalk/,False,False
Liberal,1mzsj7r,Marc Maron on Pod Save America: Rubio didn‚Äôt ‚Äúsurrender‚Äù to Trump ‚Äî he ‚Äúkilled off‚Äù his own  beliefs,newyork99,2025-08-25 14:49:11,192,1.0,6,https://popthruster.com/2025/08/25/the-razor-sharp-comedy-political-mind-of-marc-maron/,https://www.reddit.com/r/Liberal/comments/1mzsj7r/marc_maron_on_pod_save_america_rubio_didnt/,False,False
Liberal,1mzpdqm,"Kilmar Abrego Garcia taken into ICE custody at appointment; Abrego Garcia, who was just released from federal custody on Friday, now faces deportation to Uganda.",progress18,2025-08-25 12:40:41,76,0.97,11,https://www.nbcnews.com/news/us-news/kilmar-abrego-garcia-ice-check-in-rcna226866,https://www.reddit.com/r/Liberal/comments/1mzpdqm/kilmar_abrego_garcia_taken_into_ice_custody_at/,False,False
Liberal,1mzam6m,American Eagle made an unwise decision after all... Samsung Poll hints at eventual outcome,SpeeedyDelivery,2025-08-24 23:14:28,77,0.66,98,https://www.npr.org/2025/08/01/nx-s1-5487286/sydney-sweeney-american-eagle-explained-why-controversy-racist-eugenics-trump-bathwater-ad-klein-statement,https://www.reddit.com/r/Liberal/comments/1mzam6m/american_eagle_made_an_unwise_decision_after_all/,False,False
Liberal,1n02415,I just learned about California AB60...  WTF?!,scotty813,2025-08-25 20:44:26,0,0.3,27,https://www.reddit.com/r/Liberal/comments/1n02415/i_just_learned_about_california_ab60_wtf/,https://www.reddit.com/r/Liberal/comments/1n02415/i_just_learned_about_california_ab60_wtf/,False,False
Liberal,1my6877,A strange feeling,CavitySearch,2025-08-23 16:39:09,192,0.94,43,https://www.reddit.com/r/Liberal/comments/1my6877/a_strange_feeling/,https://www.reddit.com/r/Liberal/comments/1my6877/a_strange_feeling/,False,False
Liberal,1mxzosk,DeSantis announces new grants to boost Florida‚Äôs rural communities and agriculture,Ilikemovies1,2025-08-23 12:06:28,16,0.83,3,https://www.mysuncoast.com/2025/08/21/gov-ron-desantis-hold-media-briefing-arcadia/,https://www.reddit.com/r/Liberal/comments/1mxzosk/desantis_announces_new_grants_to_boost_floridas/,False,False
Liberal,1mxakq9,Florida locals defy Ron DeSantis by restoring Pulse rainbow crosswalk,progress18,2025-08-22 16:05:00,307,0.99,18,https://www.newsweek.com/florida-locals-ron-desantis-pulse-rainbow-crosswalk-2117628,https://www.reddit.com/r/Liberal/comments/1mxakq9/florida_locals_defy_ron_desantis_by_restoring/,False,False
Liberal,1mxeyh3,"No new detainees can be brought to ‚ÄòAlligator Alcatraz,‚Äô which a federal judge is effectively shutting down",gadgetygirl,2025-08-22 18:50:17,171,0.98,8,https://www.cnn.com/2025/08/21/us/alligator-alcatraz-judge-restraining-order,https://www.reddit.com/r/Liberal/comments/1mxeyh3/no_new_detainees_can_be_brought_to_alligator/,False,False
Liberal,1mvqzgu,What happened to all the waste fraud and abuse talk?,IcyOlive8202,2025-08-20 20:52:32,179,0.98,32,https://www.reddit.com/r/Liberal/comments/1mvqzgu/what_happened_to_all_the_waste_fraud_and_abuse/,https://www.reddit.com/r/Liberal/comments/1mvqzgu/what_happened_to_all_the_waste_fraud_and_abuse/,False,False
Liberal,1mty87v,Is the Gadsden flag too poisoned by the fascist-right for us to take it back?,Bar_Har,2025-08-18 20:54:16,65,0.76,65,https://www.reddit.com/r/Liberal/comments/1mty87v/is_the_gadsden_flag_too_poisoned_by_the/,https://www.reddit.com/r/Liberal/comments/1mty87v/is_the_gadsden_flag_too_poisoned_by_the/,False,False
Liberal,1msrj81,"To divert us from the Epstein files, Trump is putting our country at risk",progress18,2025-08-17 13:54:18,303,0.98,24,https://www.pennlive.com/opinion/2025/08/to-divert-us-from-the-epstein-files-trump-is-putting-our-country-at-risk-column.html,https://www.reddit.com/r/Liberal/comments/1msrj81/to_divert_us_from_the_epstein_files_trump_is/,False,False
Liberal,1mrwzli,Kremlin Leaks Footage Showing Trump Fawning Over Putin,progress18,2025-08-16 14:34:38,132,0.99,5,https://www.thedailybeast.com/kremlin-leaks-footage-showing-trump-fawning-over-putin/,https://www.reddit.com/r/Liberal/comments/1mrwzli/kremlin_leaks_footage_showing_trump_fawning_over/,False,False
